ProductKey;ProductAlternateKey;ProductSubcategoryName;ProductName;ProductCategoryName;Color;SizeRange;Description;Startday
210;FR-R92B-58;Road Frames;HL Road Frame - Black, 58;Components;Black;54-58 CM;"Our lightest and best quality aluminum frame made from the newest alloy; it is welded and heat-treated for strength. Our innovative design results in maximum comfort and performance.";01/04/2008
211;FR-R92R-58;Road Frames;HL Road Frame - Red, 58;Components;Red;54-58 CM;"Our lightest and best quality aluminum frame made from the newest alloy; it is welded and heat-treated for strength. Our innovative design results in maximum comfort and performance.";01/01/2008
212;HL-U509-R;Helmets;Sport-100 Helmet, Red;Accessories;Red;;Universal fit, well-vented, lightweight , snap-on visor.;01/02/2016
213;HL-U509-R;Helmets;Sport-100 Helmet, Red;Accessories;Red;;Universal fit, well-vented, lightweight , snap-on visor.;01/03/2017
214;HL-U509-R;Helmets;Sport-100 Helmet, Red;Accessories;Red;;Universal fit, well-vented, lightweight , snap-on visor.;01/04/2018
215;HL-U509;Helmets;Sport-100 Helmet, Black;Accessories;Black;;Universal fit, well-vented, lightweight , snap-on visor.;01/05/2016
216;HL-U509;Helmets;Sport-100 Helmet, Black;Accessories;Black;;Universal fit, well-vented, lightweight , snap-on visor.;01/06/2017
217;HL-U509;Helmets;Sport-100 Helmet, Black;Accessories;Black;;Universal fit, well-vented, lightweight , snap-on visor.;01/07/2018
218;SO-B909-M;Socks;Mountain Bike Socks, M;Clothing;White;M;Combination of natural and synthetic fibers stays dry and provides just the right cushioning.;01/08/2016
219;SO-B909-L;Socks;Mountain Bike Socks, L;Clothing;White;L;Combination of natural and synthetic fibers stays dry and provides just the right cushioning.;01/09/2016
220;HL-U509-B;Helmets;Sport-100 Helmet, Blue;Accessories;Blue;;Universal fit, well-vented, lightweight , snap-on visor.;01/04/2016
221;HL-U509-B;Helmets;Sport-100 Helmet, Blue;Accessories;Blue;;Universal fit, well-vented, lightweight , snap-on visor.;01/01/2017
222;HL-U509-B;Helmets;Sport-100 Helmet, Blue;Accessories;Blue;;Universal fit, well-vented, lightweight , snap-on visor.;01/02/2018
223;CA-1098;Caps;AWC Logo Cap;Clothing;Multi;;"Traditional style with a flip-up brim; one-size fits all.";01/03/2016
224;CA-1098;Caps;AWC Logo Cap;Clothing;Multi;;"Traditional style with a flip-up brim; one-size fits all.";01/04/2017
225;CA-1098;Caps;AWC Logo Cap;Clothing;Multi;;"Traditional style with a flip-up brim; one-size fits all.";01/05/2018
226;LJ-0192-S;Jerseys;Long-Sleeve Logo Jersey, S;Clothing;Multi;S;Unisex long-sleeve AWC logo microfiber cycling jersey;01/06/2016
227;LJ-0192-S;Jerseys;Long-Sleeve Logo Jersey, S;Clothing;Multi;S;Unisex long-sleeve AWC logo microfiber cycling jersey;01/07/2017
228;LJ-0192-S;Jerseys;Long-Sleeve Logo Jersey, S;Clothing;Multi;S;Unisex long-sleeve AWC logo microfiber cycling jersey;01/08/2018
229;LJ-0192-M;Jerseys;Long-Sleeve Logo Jersey, M;Clothing;Multi;M;Unisex long-sleeve AWC logo microfiber cycling jersey;01/09/2016
230;LJ-0192-M;Jerseys;Long-Sleeve Logo Jersey, M;Clothing;Multi;M;Unisex long-sleeve AWC logo microfiber cycling jersey;01/04/2017
231;LJ-0192-M;Jerseys;Long-Sleeve Logo Jersey, M;Clothing;Multi;M;Unisex long-sleeve AWC logo microfiber cycling jersey;01/01/2018
232;LJ-0192-L;Jerseys;Long-Sleeve Logo Jersey, L;Clothing;Multi;L;Unisex long-sleeve AWC logo microfiber cycling jersey;01/02/2016
233;LJ-0192-L;Jerseys;Long-Sleeve Logo Jersey, L;Clothing;Multi;L;Unisex long-sleeve AWC logo microfiber cycling jersey;01/03/2017
234;LJ-0192-L;Jerseys;Long-Sleeve Logo Jersey, L;Clothing;Multi;L;Unisex long-sleeve AWC logo microfiber cycling jersey;01/04/2018
235;LJ-0192-X;Jerseys;Long-Sleeve Logo Jersey, XL;Clothing;Multi;XL;Unisex long-sleeve AWC logo microfiber cycling jersey;01/05/2016
236;LJ-0192-X;Jerseys;Long-Sleeve Logo Jersey, XL;Clothing;Multi;XL;Unisex long-sleeve AWC logo microfiber cycling jersey;01/06/2017
237;LJ-0192-X;Jerseys;Long-Sleeve Logo Jersey, XL;Clothing;Multi;XL;Unisex long-sleeve AWC logo microfiber cycling jersey;01/07/2018
238;FR-R92R-62;Road Frames;HL Road Frame - Red, 62;Components;Red;60-62 CM;"Our lightest and best quality aluminum frame made from the newest alloy; it is welded and heat-treated for strength. Our innovative design results in maximum comfort and performance.";01/08/2016
239;FR-R92R-62;Road Frames;HL Road Frame - Red, 62;Components;Red;60-62 CM;"Our lightest and best quality aluminum frame made from the newest alloy; it is welded and heat-treated for strength. Our innovative design results in maximum comfort and performance.";01/09/2017
240;FR-R92R-62;Road Frames;HL Road Frame - Red, 62;Components;Red;60-62 CM;"Our lightest and best quality aluminum frame made from the newest alloy; it is welded and heat-treated for strength. Our innovative design results in maximum comfort and performance.";01/04/2018
241;FR-R92R-44;Road Frames;HL Road Frame - Red, 44;Components;Red;42-46 CM;"Our lightest and best quality aluminum frame made from the newest alloy; it is welded and heat-treated for strength. Our innovative design results in maximum comfort and performance.";01/01/2016
242;FR-R92R-44;Road Frames;HL Road Frame - Red, 44;Components;Red;42-46 CM;"Our lightest and best quality aluminum frame made from the newest alloy; it is welded and heat-treated for strength. Our innovative design results in maximum comfort and performance.";01/02/2017
243;FR-R92R-44;Road Frames;HL Road Frame - Red, 44;Components;Red;42-46 CM;"Our lightest and best quality aluminum frame made from the newest alloy; it is welded and heat-treated for strength. Our innovative design results in maximum comfort and performance.";01/03/2018
244;FR-R92R-48;Road Frames;HL Road Frame - Red, 48;Components;Red;48-52 CM;"Our lightest and best quality aluminum frame made from the newest alloy; it is welded and heat-treated for strength. Our innovative design results in maximum comfort and performance.";01/04/2016
245;FR-R92R-48;Road Frames;HL Road Frame - Red, 48;Components;Red;48-52 CM;"Our lightest and best quality aluminum frame made from the newest alloy; it is welded and heat-treated for strength. Our innovative design results in maximum comfort and performance.";01/05/2017
246;FR-R92R-48;Road Frames;HL Road Frame - Red, 48;Components;Red;48-52 CM;"Our lightest and best quality aluminum frame made from the newest alloy; it is welded and heat-treated for strength. Our innovative design results in maximum comfort and performance.";01/06/2018
247;FR-R92R-52;Road Frames;HL Road Frame - Red, 52;Components;Red;48-52 CM;"Our lightest and best quality aluminum frame made from the newest alloy; it is welded and heat-treated for strength. Our innovative design results in maximum comfort and performance.";01/07/2016
248;FR-R92R-52;Road Frames;HL Road Frame - Red, 52;Components;Red;48-52 CM;"Our lightest and best quality aluminum frame made from the newest alloy; it is welded and heat-treated for strength. Our innovative design results in maximum comfort and performance.";01/08/2017
249;FR-R92R-52;Road Frames;HL Road Frame - Red, 52;Components;Red;48-52 CM;"Our lightest and best quality aluminum frame made from the newest alloy; it is welded and heat-treated for strength. Our innovative design results in maximum comfort and performance.";01/09/2018
250;FR-R92R-56;Road Frames;HL Road Frame - Red, 56;Components;Red;54-58 CM;"Our lightest and best quality aluminum frame made from the newest alloy; it is welded and heat-treated for strength. Our innovative design results in maximum comfort and performance.";01/04/2016
251;FR-R92R-56;Road Frames;HL Road Frame - Red, 56;Components;Red;54-58 CM;"Our lightest and best quality aluminum frame made from the newest alloy; it is welded and heat-treated for strength. Our innovative design results in maximum comfort and performance.";01/01/2017
252;FR-R92R-56;Road Frames;HL Road Frame - Red, 56;Components;Red;54-58 CM;"Our lightest and best quality aluminum frame made from the newest alloy; it is welded and heat-treated for strength. Our innovative design results in maximum comfort and performance.";01/02/2018
253;FR-R38B-58;Road Frames;LL Road Frame - Black, 58;Components;Black;54-58 CM;The LL Frame provides a safe comfortable ride, while offering superior bump absorption in a value-priced aluminum frame.;01/03/2016
254;FR-R38B-58;Road Frames;LL Road Frame - Black, 58;Components;Black;54-58 CM;The LL Frame provides a safe comfortable ride, while offering superior bump absorption in a value-priced aluminum frame.;01/04/2017
255;FR-R38B-58;Road Frames;LL Road Frame - Black, 58;Components;Black;54-58 CM;The LL Frame provides a safe comfortable ride, while offering superior bump absorption in a value-priced aluminum frame.;01/05/2018
256;FR-R38B-60;Road Frames;LL Road Frame - Black, 60;Components;Black;60-62 CM;The LL Frame provides a safe comfortable ride, while offering superior bump absorption in a value-priced aluminum frame.;01/06/2016
257;FR-R38B-60;Road Frames;LL Road Frame - Black, 60;Components;Black;60-62 CM;The LL Frame provides a safe comfortable ride, while offering superior bump absorption in a value-priced aluminum frame.;01/07/2017
258;FR-R38B-60;Road Frames;LL Road Frame - Black, 60;Components;Black;60-62 CM;The LL Frame provides a safe comfortable ride, while offering superior bump absorption in a value-priced aluminum frame.;01/08/2018
259;FR-R38B-62;Road Frames;LL Road Frame - Black, 62;Components;Black;60-62 CM;The LL Frame provides a safe comfortable ride, while offering superior bump absorption in a value-priced aluminum frame.;01/09/2016
260;FR-R38B-62;Road Frames;LL Road Frame - Black, 62;Components;Black;60-62 CM;The LL Frame provides a safe comfortable ride, while offering superior bump absorption in a value-priced aluminum frame.;01/04/2017
261;FR-R38B-62;Road Frames;LL Road Frame - Black, 62;Components;Black;60-62 CM;The LL Frame provides a safe comfortable ride, while offering superior bump absorption in a value-priced aluminum frame.;01/01/2018
262;FR-R38R-44;Road Frames;LL Road Frame - Red, 44;Components;Red;42-46 CM;The LL Frame provides a safe comfortable ride, while offering superior bump absorption in a value-priced aluminum frame.;01/02/2016
263;FR-R38R-44;Road Frames;LL Road Frame - Red, 44;Components;Red;42-46 CM;The LL Frame provides a safe comfortable ride, while offering superior bump absorption in a value-priced aluminum frame.;01/03/2017
264;FR-R38R-48;Road Frames;LL Road Frame - Red, 48;Components;Red;48-52 CM;The LL Frame provides a safe comfortable ride, while offering superior bump absorption in a value-priced aluminum frame.;01/04/2016
265;FR-R38R-48;Road Frames;LL Road Frame - Red, 48;Components;Red;48-52 CM;The LL Frame provides a safe comfortable ride, while offering superior bump absorption in a value-priced aluminum frame.;01/05/2017
266;FR-R38R-52;Road Frames;LL Road Frame - Red, 52;Components;Red;48-52 CM;The LL Frame provides a safe comfortable ride, while offering superior bump absorption in a value-priced aluminum frame.;01/06/2016
267;FR-R38R-52;Road Frames;LL Road Frame - Red, 52;Components;Red;48-52 CM;The LL Frame provides a safe comfortable ride, while offering superior bump absorption in a value-priced aluminum frame.;01/07/2017
268;FR-R38R-58;Road Frames;LL Road Frame - Red, 58;Components;Red;54-58 CM;The LL Frame provides a safe comfortable ride, while offering superior bump absorption in a value-priced aluminum frame.;01/08/2016
269;FR-R38R-58;Road Frames;LL Road Frame - Red, 58;Components;Red;54-58 CM;The LL Frame provides a safe comfortable ride, while offering superior bump absorption in a value-priced aluminum frame.;01/09/2017
270;FR-R38R-60;Road Frames;LL Road Frame - Red, 60;Components;Red;60-62 CM;The LL Frame provides a safe comfortable ride, while offering superior bump absorption in a value-priced aluminum frame.;01/04/2016
271;FR-R38R-60;Road Frames;LL Road Frame - Red, 60;Components;Red;60-62 CM;The LL Frame provides a safe comfortable ride, while offering superior bump absorption in a value-priced aluminum frame.;01/01/2017
272;FR-R38R-62;Road Frames;LL Road Frame - Red, 62;Components;Red;60-62 CM;The LL Frame provides a safe comfortable ride, while offering superior bump absorption in a value-priced aluminum frame.;01/02/2016
273;FR-R38R-62;Road Frames;LL Road Frame - Red, 62;Components;Red;60-62 CM;The LL Frame provides a safe comfortable ride, while offering superior bump absorption in a value-priced aluminum frame.;01/03/2017
274;FR-R72R-44;Road Frames;ML Road Frame - Red, 44;Components;Red;42-46 CM;Made from the same aluminum alloy as our top-of-the line HL frame, the ML features a lightweight down-tube milled to the perfect diameter for optimal strength. Men's version.;01/04/2016
275;FR-R72R-48;Road Frames;ML Road Frame - Red, 48;Components;Red;48-52 CM;Made from the same aluminum alloy as our top-of-the line HL frame, the ML features a lightweight down-tube milled to the perfect diameter for optimal strength. Men's version.;01/05/2016
276;FR-R72R-52;Road Frames;ML Road Frame - Red, 52;Components;Red;48-52 CM;Made from the same aluminum alloy as our top-of-the line HL frame, the ML features a lightweight down-tube milled to the perfect diameter for optimal strength. Men's version.;01/06/2016
277;FR-R72R-58;Road Frames;ML Road Frame - Red, 58;Components;Red;54-58 CM;Made from the same aluminum alloy as our top-of-the line HL frame, the ML features a lightweight down-tube milled to the perfect diameter for optimal strength. Men's version.;01/07/2016
278;FR-R72R-60;Road Frames;ML Road Frame - Red, 60;Components;Red;60-62 CM;Made from the same aluminum alloy as our top-of-the line HL frame, the ML features a lightweight down-tube milled to the perfect diameter for optimal strength. Men's version.;01/08/2016
279;FR-R38B-44;Road Frames;LL Road Frame - Black, 44;Components;Black;42-46 CM;The LL Frame provides a safe comfortable ride, while offering superior bump absorption in a value-priced aluminum frame.;01/09/2016
280;FR-R38B-44;Road Frames;LL Road Frame - Black, 44;Components;Black;42-46 CM;The LL Frame provides a safe comfortable ride, while offering superior bump absorption in a value-priced aluminum frame.;01/04/2017
281;FR-R38B-44;Road Frames;LL Road Frame - Black, 44;Components;Black;42-46 CM;The LL Frame provides a safe comfortable ride, while offering superior bump absorption in a value-priced aluminum frame.;01/01/2018
282;FR-R38B-48;Road Frames;LL Road Frame - Black, 48;Components;Black;48-52 CM;The LL Frame provides a safe comfortable ride, while offering superior bump absorption in a value-priced aluminum frame.;01/02/2016
283;FR-R38B-48;Road Frames;LL Road Frame - Black, 48;Components;Black;48-52 CM;The LL Frame provides a safe comfortable ride, while offering superior bump absorption in a value-priced aluminum frame.;01/03/2017
284;FR-R38B-48;Road Frames;LL Road Frame - Black, 48;Components;Black;48-52 CM;The LL Frame provides a safe comfortable ride, while offering superior bump absorption in a value-priced aluminum frame.;01/04/2018
285;FR-R38B-52;Road Frames;LL Road Frame - Black, 52;Components;Black;48-52 CM;The LL Frame provides a safe comfortable ride, while offering superior bump absorption in a value-priced aluminum frame.;01/05/2016
286;FR-R38B-52;Road Frames;LL Road Frame - Black, 52;Components;Black;48-52 CM;The LL Frame provides a safe comfortable ride, while offering superior bump absorption in a value-priced aluminum frame.;01/06/2017
287;FR-R38B-52;Road Frames;LL Road Frame - Black, 52;Components;Black;48-52 CM;The LL Frame provides a safe comfortable ride, while offering superior bump absorption in a value-priced aluminum frame.;01/07/2018
288;FR-M94S-42;Mountain Frames;HL Mountain Frame - Silver, 42;Components;Silver;42-46 CM;Each frame is hand-crafted in our Bothell facility to the optimum diameter and wall-thickness required of a premium mountain frame. The heat-treated welded aluminum frame has a larger diameter tube that absorbs the bumps.;01/08/2016
289;FR-M94S-42;Mountain Frames;HL Mountain Frame - Silver, 42;Components;Silver;42-46 CM;Each frame is hand-crafted in our Bothell facility to the optimum diameter and wall-thickness required of a premium mountain frame. The heat-treated welded aluminum frame has a larger diameter tube that absorbs the bumps.;01/09/2017
290;FR-M94S-42;Mountain Frames;HL Mountain Frame - Silver, 42;Components;Silver;42-46 CM;Each frame is hand-crafted in our Bothell facility to the optimum diameter and wall-thickness required of a premium mountain frame. The heat-treated welded aluminum frame has a larger diameter tube that absorbs the bumps.;01/04/2018
291;FR-M94S-44;Mountain Frames;HL Mountain Frame - Silver, 44;Components;Silver;42-46 CM;Each frame is hand-crafted in our Bothell facility to the optimum diameter and wall-thickness required of a premium mountain frame. The heat-treated welded aluminum frame has a larger diameter tube that absorbs the bumps.;01/01/2016
292;FR-M94S-52;Mountain Frames;HL Mountain Frame - Silver, 48;Components;Silver;48-52 CM;Each frame is hand-crafted in our Bothell facility to the optimum diameter and wall-thickness required of a premium mountain frame. The heat-treated welded aluminum frame has a larger diameter tube that absorbs the bumps.;01/02/2016
293;FR-M94S-46;Mountain Frames;HL Mountain Frame - Silver, 46;Components;Silver;42-46 CM;Each frame is hand-crafted in our Bothell facility to the optimum diameter and wall-thickness required of a premium mountain frame. The heat-treated welded aluminum frame has a larger diameter tube that absorbs the bumps.;01/03/2016
294;FR-M94S-46;Mountain Frames;HL Mountain Frame - Silver, 46;Components;Silver;42-46 CM;Each frame is hand-crafted in our Bothell facility to the optimum diameter and wall-thickness required of a premium mountain frame. The heat-treated welded aluminum frame has a larger diameter tube that absorbs the bumps.;01/04/2017
295;FR-M94S-46;Mountain Frames;HL Mountain Frame - Silver, 46;Components;Silver;42-46 CM;Each frame is hand-crafted in our Bothell facility to the optimum diameter and wall-thickness required of a premium mountain frame. The heat-treated welded aluminum frame has a larger diameter tube that absorbs the bumps.;01/05/2018
296;FR-M94B-42;Mountain Frames;HL Mountain Frame - Black, 42;Components;Black;42-46 CM;Each frame is hand-crafted in our Bothell facility to the optimum diameter and wall-thickness required of a premium mountain frame. The heat-treated welded aluminum frame has a larger diameter tube that absorbs the bumps.;01/06/2016
297;FR-M94B-42;Mountain Frames;HL Mountain Frame - Black, 42;Components;Black;42-46 CM;Each frame is hand-crafted in our Bothell facility to the optimum diameter and wall-thickness required of a premium mountain frame. The heat-treated welded aluminum frame has a larger diameter tube that absorbs the bumps.;01/07/2017
298;FR-M94B-42;Mountain Frames;HL Mountain Frame - Black, 42;Components;Black;42-46 CM;Each frame is hand-crafted in our Bothell facility to the optimum diameter and wall-thickness required of a premium mountain frame. The heat-treated welded aluminum frame has a larger diameter tube that absorbs the bumps.;01/08/2018
299;FR-M94B-44;Mountain Frames;HL Mountain Frame - Black, 44;Components;Black;42-46 CM;Each frame is hand-crafted in our Bothell facility to the optimum diameter and wall-thickness required of a premium mountain frame. The heat-treated welded aluminum frame has a larger diameter tube that absorbs the bumps.;01/09/2016
300;FR-M94B-48;Mountain Frames;HL Mountain Frame - Black, 48;Components;Black;48-52 CM;Each frame is hand-crafted in our Bothell facility to the optimum diameter and wall-thickness required of a premium mountain frame. The heat-treated welded aluminum frame has a larger diameter tube that absorbs the bumps.;01/04/2016
301;FR-M94B-46;Mountain Frames;HL Mountain Frame - Black, 46;Components;Black;42-46 CM;Each frame is hand-crafted in our Bothell facility to the optimum diameter and wall-thickness required of a premium mountain frame. The heat-treated welded aluminum frame has a larger diameter tube that absorbs the bumps.;01/01/2016
302;FR-M94B-46;Mountain Frames;HL Mountain Frame - Black, 46;Components;Black;42-46 CM;Each frame is hand-crafted in our Bothell facility to the optimum diameter and wall-thickness required of a premium mountain frame. The heat-treated welded aluminum frame has a larger diameter tube that absorbs the bumps.;01/02/2017
303;FR-M94B-46;Mountain Frames;HL Mountain Frame - Black, 46;Components;Black;42-46 CM;Each frame is hand-crafted in our Bothell facility to the optimum diameter and wall-thickness required of a premium mountain frame. The heat-treated welded aluminum frame has a larger diameter tube that absorbs the bumps.;01/03/2018
304;FR-M94B-38;Mountain Frames;HL Mountain Frame - Black, 38;Components;Black;38-40 CM;Each frame is hand-crafted in our Bothell facility to the optimum diameter and wall-thickness required of a premium mountain frame. The heat-treated welded aluminum frame has a larger diameter tube that absorbs the bumps.;01/04/2016
305;FR-M94B-38;Mountain Frames;HL Mountain Frame - Black, 38;Components;Black;38-40 CM;Each frame is hand-crafted in our Bothell facility to the optimum diameter and wall-thickness required of a premium mountain frame. The heat-treated welded aluminum frame has a larger diameter tube that absorbs the bumps.;01/05/2017
306;FR-M94B-38;Mountain Frames;HL Mountain Frame - Black, 38;Components;Black;38-40 CM;Each frame is hand-crafted in our Bothell facility to the optimum diameter and wall-thickness required of a premium mountain frame. The heat-treated welded aluminum frame has a larger diameter tube that absorbs the bumps.;01/06/2018
307;FR-M94S-38;Mountain Frames;HL Mountain Frame - Silver, 38;Components;Silver;38-40 CM;Each frame is hand-crafted in our Bothell facility to the optimum diameter and wall-thickness required of a premium mountain frame. The heat-treated welded aluminum frame has a larger diameter tube that absorbs the bumps.;01/07/2016
308;FR-M94S-38;Mountain Frames;HL Mountain Frame - Silver, 38;Components;Silver;38-40 CM;Each frame is hand-crafted in our Bothell facility to the optimum diameter and wall-thickness required of a premium mountain frame. The heat-treated welded aluminum frame has a larger diameter tube that absorbs the bumps.;01/08/2017
309;FR-M94S-38;Mountain Frames;HL Mountain Frame - Silver, 38;Components;Silver;38-40 CM;Each frame is hand-crafted in our Bothell facility to the optimum diameter and wall-thickness required of a premium mountain frame. The heat-treated welded aluminum frame has a larger diameter tube that absorbs the bumps.;01/09/2018
310;BK-R93R-62;Road Bikes;Road-150 Red, 62;Bikes;Red;60-62 CM;This bike is ridden by race winners. Developed with the Adventure Works Cycles professional race team, it has a extremely light heat-treated aluminum frame, and steering that allows precision control.;01/04/2016
311;BK-R93R-44;Road Bikes;Road-150 Red, 44;Bikes;Red;42-46 CM;This bike is ridden by race winners. Developed with the Adventure Works Cycles professional race team, it has a extremely light heat-treated aluminum frame, and steering that allows precision control.;01/01/2016
312;BK-R93R-48;Road Bikes;Road-150 Red, 48;Bikes;Red;48-52 CM;This bike is ridden by race winners. Developed with the Adventure Works Cycles professional race team, it has a extremely light heat-treated aluminum frame, and steering that allows precision control.;01/02/2016
313;BK-R93R-52;Road Bikes;Road-150 Red, 52;Bikes;Red;48-52 CM;This bike is ridden by race winners. Developed with the Adventure Works Cycles professional race team, it has a extremely light heat-treated aluminum frame, and steering that allows precision control.;01/03/2016
314;BK-R93R-56;Road Bikes;Road-150 Red, 56;Bikes;Red;54-58 CM;This bike is ridden by race winners. Developed with the Adventure Works Cycles professional race team, it has a extremely light heat-treated aluminum frame, and steering that allows precision control.;01/04/2016
315;BK-R68R-58;Road Bikes;Road-450 Red, 58;Bikes;Red;54-58 CM;A true multi-sport bike that offers streamlined riding and a revolutionary design. Aerodynamic design lets you ride with the pros, and the gearing will conquer hilly roads.;01/05/2016
316;BK-R68R-60;Road Bikes;Road-450 Red, 60;Bikes;Red;60-62 CM;A true multi-sport bike that offers streamlined riding and a revolutionary design. Aerodynamic design lets you ride with the pros, and the gearing will conquer hilly roads.;01/06/2016
317;BK-R68R-44;Road Bikes;Road-450 Red, 44;Bikes;Red;42-46 CM;A true multi-sport bike that offers streamlined riding and a revolutionary design. Aerodynamic design lets you ride with the pros, and the gearing will conquer hilly roads.;01/07/2016
318;BK-R68R-48;Road Bikes;Road-450 Red, 48;Bikes;Red;48-52 CM;A true multi-sport bike that offers streamlined riding and a revolutionary design. Aerodynamic design lets you ride with the pros, and the gearing will conquer hilly roads.;01/08/2016
319;BK-R68R-52;Road Bikes;Road-450 Red, 52;Bikes;Red;48-52 CM;A true multi-sport bike that offers streamlined riding and a revolutionary design. Aerodynamic design lets you ride with the pros, and the gearing will conquer hilly roads.;01/09/2016
320;BK-R50R-58;Road Bikes;Road-650 Red, 58;Bikes;Red;54-58 CM;Value-priced bike with many features of our top-of-the-line models. Has the same light, stiff frame, and the quick acceleration we're famous for.;01/04/2016
321;BK-R50R-58;Road Bikes;Road-650 Red, 58;Bikes;Red;54-58 CM;Value-priced bike with many features of our top-of-the-line models. Has the same light, stiff frame, and the quick acceleration we're famous for.;01/01/2017
322;BK-R50R-60;Road Bikes;Road-650 Red, 60;Bikes;Red;60-62 CM;Value-priced bike with many features of our top-of-the-line models. Has the same light, stiff frame, and the quick acceleration we're famous for.;01/02/2016
323;BK-R50R-60;Road Bikes;Road-650 Red, 60;Bikes;Red;60-62 CM;Value-priced bike with many features of our top-of-the-line models. Has the same light, stiff frame, and the quick acceleration we're famous for.;01/03/2017
324;BK-R50R-62;Road Bikes;Road-650 Red, 62;Bikes;Red;60-62 CM;Value-priced bike with many features of our top-of-the-line models. Has the same light, stiff frame, and the quick acceleration we're famous for.;01/04/2016
325;BK-R50R-62;Road Bikes;Road-650 Red, 62;Bikes;Red;60-62 CM;Value-priced bike with many features of our top-of-the-line models. Has the same light, stiff frame, and the quick acceleration we're famous for.;01/05/2017
326;BK-R50R-44;Road Bikes;Road-650 Red, 44;Bikes;Red;42-46 CM;Value-priced bike with many features of our top-of-the-line models. Has the same light, stiff frame, and the quick acceleration we're famous for.;01/06/2016
327;BK-R50R-44;Road Bikes;Road-650 Red, 44;Bikes;Red;42-46 CM;Value-priced bike with many features of our top-of-the-line models. Has the same light, stiff frame, and the quick acceleration we're famous for.;01/07/2017
328;BK-R50R-48;Road Bikes;Road-650 Red, 48;Bikes;Red;48-52 CM;Value-priced bike with many features of our top-of-the-line models. Has the same light, stiff frame, and the quick acceleration we're famous for.;01/08/2016
329;BK-R50R-48;Road Bikes;Road-650 Red, 48;Bikes;Red;48-52 CM;Value-priced bike with many features of our top-of-the-line models. Has the same light, stiff frame, and the quick acceleration we're famous for.;01/09/2017
330;BK-R50R-52;Road Bikes;Road-650 Red, 52;Bikes;Red;48-52 CM;Value-priced bike with many features of our top-of-the-line models. Has the same light, stiff frame, and the quick acceleration we're famous for.;01/04/2016
331;BK-R50R-52;Road Bikes;Road-650 Red, 52;Bikes;Red;48-52 CM;Value-priced bike with many features of our top-of-the-line models. Has the same light, stiff frame, and the quick acceleration we're famous for.;01/01/2017
332;BK-R50B-58;Road Bikes;Road-650 Black, 58;Bikes;Black;54-58 CM;Value-priced bike with many features of our top-of-the-line models. Has the same light, stiff frame, and the quick acceleration we're famous for.;01/02/2016
333;BK-R50B-58;Road Bikes;Road-650 Black, 58;Bikes;Black;54-58 CM;Value-priced bike with many features of our top-of-the-line models. Has the same light, stiff frame, and the quick acceleration we're famous for.;01/03/2017
334;BK-R50B-60;Road Bikes;Road-650 Black, 60;Bikes;Black;60-62 CM;Value-priced bike with many features of our top-of-the-line models. Has the same light, stiff frame, and the quick acceleration we're famous for.;01/04/2016
335;BK-R50B-60;Road Bikes;Road-650 Black, 60;Bikes;Black;60-62 CM;Value-priced bike with many features of our top-of-the-line models. Has the same light, stiff frame, and the quick acceleration we're famous for.;01/05/2017
336;BK-R50B-62;Road Bikes;Road-650 Black, 62;Bikes;Black;60-62 CM;Value-priced bike with many features of our top-of-the-line models. Has the same light, stiff frame, and the quick acceleration we're famous for.;01/06/2016
337;BK-R50B-62;Road Bikes;Road-650 Black, 62;Bikes;Black;60-62 CM;Value-priced bike with many features of our top-of-the-line models. Has the same light, stiff frame, and the quick acceleration we're famous for.;01/07/2017
338;BK-R50B-44;Road Bikes;Road-650 Black, 44;Bikes;Black;42-46 CM;Value-priced bike with many features of our top-of-the-line models. Has the same light, stiff frame, and the quick acceleration we're famous for.;01/08/2016
339;BK-R50B-44;Road Bikes;Road-650 Black, 44;Bikes;Black;42-46 CM;Value-priced bike with many features of our top-of-the-line models. Has the same light, stiff frame, and the quick acceleration we're famous for.;01/09/2017
340;BK-R50B-48;Road Bikes;Road-650 Black, 48;Bikes;Black;48-52 CM;Value-priced bike with many features of our top-of-the-line models. Has the same light, stiff frame, and the quick acceleration we're famous for.;01/04/2016
341;BK-R50B-48;Road Bikes;Road-650 Black, 48;Bikes;Black;48-52 CM;Value-priced bike with many features of our top-of-the-line models. Has the same light, stiff frame, and the quick acceleration we're famous for.;01/01/2017
342;BK-R50B-52;Road Bikes;Road-650 Black, 52;Bikes;Black;48-52 CM;Value-priced bike with many features of our top-of-the-line models. Has the same light, stiff frame, and the quick acceleration we're famous for.;01/02/2016
343;BK-R50B-52;Road Bikes;Road-650 Black, 52;Bikes;Black;48-52 CM;Value-priced bike with many features of our top-of-the-line models. Has the same light, stiff frame, and the quick acceleration we're famous for.;01/03/2017
344;BK-M82S-38;Mountain Bikes;Mountain-100 Silver, 38;Bikes;Silver;38-40 CM;Top-of-the-line competition mountain bike. Performance-enhancing options include the innovative HL Frame, super-smooth front suspension, and traction for all terrain.;01/04/2016
345;BK-M82S-42;Mountain Bikes;Mountain-100 Silver, 42;Bikes;Silver;42-46 CM;Top-of-the-line competition mountain bike. Performance-enhancing options include the innovative HL Frame, super-smooth front suspension, and traction for all terrain.;01/05/2016
346;BK-M82S-44;Mountain Bikes;Mountain-100 Silver, 44;Bikes;Silver;42-46 CM;Top-of-the-line competition mountain bike. Performance-enhancing options include the innovative HL Frame, super-smooth front suspension, and traction for all terrain.;01/06/2016
347;BK-M82S-48;Mountain Bikes;Mountain-100 Silver, 48;Bikes;Silver;48-52 CM;Top-of-the-line competition mountain bike. Performance-enhancing options include the innovative HL Frame, super-smooth front suspension, and traction for all terrain.;01/07/2016
348;BK-M82B-38;Mountain Bikes;Mountain-100 Black, 38;Bikes;Black;38-40 CM;Top-of-the-line competition mountain bike. Performance-enhancing options include the innovative HL Frame, super-smooth front suspension, and traction for all terrain.;01/08/2016
349;BK-M82B-42;Mountain Bikes;Mountain-100 Black, 42;Bikes;Black;42-46 CM;Top-of-the-line competition mountain bike. Performance-enhancing options include the innovative HL Frame, super-smooth front suspension, and traction for all terrain.;01/09/2016
350;BK-M82B-44;Mountain Bikes;Mountain-100 Black, 44;Bikes;Black;42-46 CM;Top-of-the-line competition mountain bike. Performance-enhancing options include the innovative HL Frame, super-smooth front suspension, and traction for all terrain.;01/04/2016
351;BK-M82B-48;Mountain Bikes;Mountain-100 Black, 48;Bikes;Black;48-52 CM;Top-of-the-line competition mountain bike. Performance-enhancing options include the innovative HL Frame, super-smooth front suspension, and traction for all terrain.;01/01/2016
352;BK-M68S-38;Mountain Bikes;Mountain-200 Silver, 38;Bikes;Silver;38-40 CM;Serious back-country riding. Perfect for all levels of competition. Uses the same HL Frame as the Mountain-100.;01/02/2017
353;BK-M68S-38;Mountain Bikes;Mountain-200 Silver, 38;Bikes;Silver;38-40 CM;Serious back-country riding. Perfect for all levels of competition. Uses the same HL Frame as the Mountain-100.;01/03/2018
354;BK-M68S-42;Mountain Bikes;Mountain-200 Silver, 42;Bikes;Silver;42-46 CM;Serious back-country riding. Perfect for all levels of competition. Uses the same HL Frame as the Mountain-100.;01/04/2017
355;BK-M68S-42;Mountain Bikes;Mountain-200 Silver, 42;Bikes;Silver;42-46 CM;Serious back-country riding. Perfect for all levels of competition. Uses the same HL Frame as the Mountain-100.;01/05/2018
356;BK-M68S-46;Mountain Bikes;Mountain-200 Silver, 46;Bikes;Silver;42-46 CM;Serious back-country riding. Perfect for all levels of competition. Uses the same HL Frame as the Mountain-100.;01/06/2017
357;BK-M68S-46;Mountain Bikes;Mountain-200 Silver, 46;Bikes;Silver;42-46 CM;Serious back-country riding. Perfect for all levels of competition. Uses the same HL Frame as the Mountain-100.;01/07/2018
358;BK-M68B-38;Mountain Bikes;Mountain-200 Black, 38;Bikes;Black;38-40 CM;Serious back-country riding. Perfect for all levels of competition. Uses the same HL Frame as the Mountain-100.;01/08/2017
359;BK-M68B-38;Mountain Bikes;Mountain-200 Black, 38;Bikes;Black;38-40 CM;Serious back-country riding. Perfect for all levels of competition. Uses the same HL Frame as the Mountain-100.;01/09/2018
360;BK-M68B-42;Mountain Bikes;Mountain-200 Black, 42;Bikes;Black;42-46 CM;Serious back-country riding. Perfect for all levels of competition. Uses the same HL Frame as the Mountain-100.;01/04/2017
361;BK-M68B-42;Mountain Bikes;Mountain-200 Black, 42;Bikes;Black;42-46 CM;Serious back-country riding. Perfect for all levels of competition. Uses the same HL Frame as the Mountain-100.;01/01/2018
362;BK-M68B-46;Mountain Bikes;Mountain-200 Black, 46;Bikes;Black;42-46 CM;Serious back-country riding. Perfect for all levels of competition. Uses the same HL Frame as the Mountain-100.;01/02/2017
363;BK-M68B-46;Mountain Bikes;Mountain-200 Black, 46;Bikes;Black;42-46 CM;Serious back-country riding. Perfect for all levels of competition. Uses the same HL Frame as the Mountain-100.;01/03/2018
364;BK-M47B-38;Mountain Bikes;Mountain-300 Black, 38;Bikes;Black;38-40 CM;For true trail addicts.  An extremely durable bike that will go anywhere and keep you in control on challenging terrain - without breaking your budget.;01/04/2017
365;BK-M47B-40;Mountain Bikes;Mountain-300 Black, 40;Bikes;Black;38-40 CM;For true trail addicts.  An extremely durable bike that will go anywhere and keep you in control on challenging terrain - without breaking your budget.;01/05/2017
366;BK-M47B-44;Mountain Bikes;Mountain-300 Black, 44;Bikes;Black;42-46 CM;For true trail addicts.  An extremely durable bike that will go anywhere and keep you in control on challenging terrain - without breaking your budget.;01/06/2017
367;BK-M47B-48;Mountain Bikes;Mountain-300 Black, 48;Bikes;Black;48-52 CM;For true trail addicts.  An extremely durable bike that will go anywhere and keep you in control on challenging terrain - without breaking your budget.;01/07/2017
368;BK-R89R-44;Road Bikes;Road-250 Red, 44;Bikes;Red;42-46 CM;Alluminum-alloy frame provides a light, stiff ride, whether you are racing in the velodrome or on a demanding club ride on country roads.;01/08/2017
369;BK-R89R-48;Road Bikes;Road-250 Red, 48;Bikes;Red;48-52 CM;Alluminum-alloy frame provides a light, stiff ride, whether you are racing in the velodrome or on a demanding club ride on country roads.;01/09/2017
370;BK-R89R-52;Road Bikes;Road-250 Red, 52;Bikes;Red;48-52 CM;Alluminum-alloy frame provides a light, stiff ride, whether you are racing in the velodrome or on a demanding club ride on country roads.;01/04/2017
371;BK-R89R-58;Road Bikes;Road-250 Red, 58;Bikes;Red;54-58 CM;Alluminum-alloy frame provides a light, stiff ride, whether you are racing in the velodrome or on a demanding club ride on country roads.;01/01/2017
372;BK-R89R-58;Road Bikes;Road-250 Red, 58;Bikes;Red;54-58 CM;Alluminum-alloy frame provides a light, stiff ride, whether you are racing in the velodrome or on a demanding club ride on country roads.;01/02/2018
373;BK-R89B-44;Road Bikes;Road-250 Black, 44;Bikes;Black;42-46 CM;Alluminum-alloy frame provides a light, stiff ride, whether you are racing in the velodrome or on a demanding club ride on country roads.;01/03/2017
374;BK-R89B-44;Road Bikes;Road-250 Black, 44;Bikes;Black;42-46 CM;Alluminum-alloy frame provides a light, stiff ride, whether you are racing in the velodrome or on a demanding club ride on country roads.;01/04/2018
375;BK-R89B-48;Road Bikes;Road-250 Black, 48;Bikes;Black;48-52 CM;Alluminum-alloy frame provides a light, stiff ride, whether you are racing in the velodrome or on a demanding club ride on country roads.;01/05/2017
376;BK-R89B-48;Road Bikes;Road-250 Black, 48;Bikes;Black;48-52 CM;Alluminum-alloy frame provides a light, stiff ride, whether you are racing in the velodrome or on a demanding club ride on country roads.;01/06/2018
377;BK-R89B-52;Road Bikes;Road-250 Black, 52;Bikes;Black;48-52 CM;Alluminum-alloy frame provides a light, stiff ride, whether you are racing in the velodrome or on a demanding club ride on country roads.;01/07/2017
378;BK-R89B-52;Road Bikes;Road-250 Black, 52;Bikes;Black;48-52 CM;Alluminum-alloy frame provides a light, stiff ride, whether you are racing in the velodrome or on a demanding club ride on country roads.;01/08/2018
379;BK-R89B-58;Road Bikes;Road-250 Black, 58;Bikes;Black;54-58 CM;Alluminum-alloy frame provides a light, stiff ride, whether you are racing in the velodrome or on a demanding club ride on country roads.;01/09/2017
380;BK-R89B-58;Road Bikes;Road-250 Black, 58;Bikes;Black;54-58 CM;Alluminum-alloy frame provides a light, stiff ride, whether you are racing in the velodrome or on a demanding club ride on country roads.;01/04/2018
381;BK-R64Y-38;Road Bikes;Road-550-W Yellow, 38;Bikes;Yellow;38-40 CM;Same technology as all of our Road series bikes, but the frame is sized for a woman.  Perfect all-around bike for road or racing.;01/01/2017
382;BK-R64Y-38;Road Bikes;Road-550-W Yellow, 38;Bikes;Yellow;38-40 CM;Same technology as all of our Road series bikes, but the frame is sized for a woman.  Perfect all-around bike for road or racing.;01/02/2018
383;BK-R64Y-40;Road Bikes;Road-550-W Yellow, 40;Bikes;Yellow;38-40 CM;Same technology as all of our Road series bikes, but the frame is sized for a woman.  Perfect all-around bike for road or racing.;01/03/2017
384;BK-R64Y-40;Road Bikes;Road-550-W Yellow, 40;Bikes;Yellow;38-40 CM;Same technology as all of our Road series bikes, but the frame is sized for a woman.  Perfect all-around bike for road or racing.;01/04/2018
385;BK-R64Y-42;Road Bikes;Road-550-W Yellow, 42;Bikes;Yellow;42-46 CM;Same technology as all of our Road series bikes, but the frame is sized for a woman.  Perfect all-around bike for road or racing.;01/05/2017
386;BK-R64Y-42;Road Bikes;Road-550-W Yellow, 42;Bikes;Yellow;42-46 CM;Same technology as all of our Road series bikes, but the frame is sized for a woman.  Perfect all-around bike for road or racing.;01/06/2018
387;BK-R64Y-44;Road Bikes;Road-550-W Yellow, 44;Bikes;Yellow;42-46 CM;Same technology as all of our Road series bikes, but the frame is sized for a woman.  Perfect all-around bike for road or racing.;01/07/2017
388;BK-R64Y-44;Road Bikes;Road-550-W Yellow, 44;Bikes;Yellow;42-46 CM;Same technology as all of our Road series bikes, but the frame is sized for a woman.  Perfect all-around bike for road or racing.;01/08/2018
389;BK-R64Y-48;Road Bikes;Road-550-W Yellow, 48;Bikes;Yellow;48-52 CM;Same technology as all of our Road series bikes, but the frame is sized for a woman.  Perfect all-around bike for road or racing.;01/09/2017
390;BK-R64Y-48;Road Bikes;Road-550-W Yellow, 48;Bikes;Yellow;48-52 CM;Same technology as all of our Road series bikes, but the frame is sized for a woman.  Perfect all-around bike for road or racing.;01/04/2018
391;FK-1639;Forks;LL Fork;Components;;NA;Stout design absorbs shock and offers more precise steering.;01/01/2017
392;FK-5136;Forks;ML Fork;Components;;NA;Composite road fork with an aluminum steerer tube.;01/02/2017
393;FK-9939;Forks;HL Fork;Components;;NA;High-performance carbon road fork with curved legs.;01/03/2017
394;HS-0296;Headsets;LL Headset;Components;;NA;Threadless headset provides quality at an economical price.;01/04/2017
395;HS-2451;Headsets;ML Headset;Components;;NA;Sealed cartridge keeps dirt out.;01/05/2017
396;HS-3479;Headsets;HL Headset;Components;;NA;"High-quality 1"" threadless headset with a grease port for quick lubrication.";01/06/2017
397;HB-M243;Handlebars;LL Mountain Handlebars;Components;;NA;All-purpose bar for on or off-road.;01/07/2017
398;HB-M243;Handlebars;LL Mountain Handlebars;Components;;NA;All-purpose bar for on or off-road.;01/08/2018
399;HB-M763;Handlebars;ML Mountain Handlebars;Components;;NA;Tough aluminum alloy bars for downhill.;01/09/2017
400;HB-M763;Handlebars;ML Mountain Handlebars;Components;;NA;Tough aluminum alloy bars for downhill.;01/04/2018
401;HB-M918;Handlebars;HL Mountain Handlebars;Components;;NA;Flat bar strong enough for the pro circuit.;01/01/2017
402;HB-M918;Handlebars;HL Mountain Handlebars;Components;;NA;Flat bar strong enough for the pro circuit.;01/02/2018
403;HB-R504;Handlebars;LL Road Handlebars;Components;;NA;Unique shape provides easier reach to the levers.;01/03/2017
404;HB-R504;Handlebars;LL Road Handlebars;Components;;NA;Unique shape provides easier reach to the levers.;01/04/2018
405;HB-R720;Handlebars;ML Road Handlebars;Components;;NA;Anatomically shaped aluminum tube bar will suit all riders.;01/05/2017
406;HB-R720;Handlebars;ML Road Handlebars;Components;;NA;Anatomically shaped aluminum tube bar will suit all riders.;01/06/2018
407;HB-R956;Handlebars;HL Road Handlebars;Components;;NA;"Designed for racers; high-end anatomically shaped bar from aluminum alloy.";01/07/2017
408;HB-R956;Handlebars;HL Road Handlebars;Components;;NA;"Designed for racers; high-end anatomically shaped bar from aluminum alloy.";01/08/2018
409;FR-M63B-38;Mountain Frames;ML Mountain Frame - Black, 38;Components;Black;38-40 CM;The ML frame is a heat-treated aluminum frame made with the same detail and quality as our HL frame. It offers superior performance. Men's version.;01/09/2017
410;FW-M423;Wheels;LL Mountain Front Wheel;Components;Black;;Replacement mountain wheel for entry-level rider.;01/04/2017
411;FW-M762;Wheels;ML Mountain Front Wheel;Components;Black;;Replacement mountain wheel for the casual to serious rider.;01/01/2017
412;FW-M928;Wheels;HL Mountain Front Wheel;Components;Black;;High-performance mountain replacement wheel.;01/02/2017
413;FW-R623;Wheels;LL Road Front Wheel;Components;Black;;Replacement road front wheel for entry-level cyclist.;01/03/2017
414;FW-R762;Wheels;ML Road Front Wheel;Components;Black;;Sturdy alloy features a quick-release hub.;01/04/2017
415;FW-R820;Wheels;HL Road Front Wheel;Components;Black;;Strong wheel with double-walled rim.;01/05/2017
416;FW-T905;Wheels;Touring Front Wheel;Components;Black;;Aerodynamic rims for smooth riding.;01/06/2017
417;FR-R72Y-38;Road Frames;ML Road Frame-W - Yellow, 38;Components;Yellow;38-40 CM;Made from the same aluminum alloy as our top-of-the line HL frame, the ML features a lightweight down-tube milled to the perfect diameter for optimal strength. Women's version.;01/07/2017
418;FR-R72Y-38;Road Frames;ML Road Frame-W - Yellow, 38;Components;Yellow;38-40 CM;Made from the same aluminum alloy as our top-of-the line HL frame, the ML features a lightweight down-tube milled to the perfect diameter for optimal strength. Women's version.;01/08/2018
419;RW-M423;Wheels;LL Mountain Rear Wheel;Components;Black;;Replacement mountain wheel for entry-level rider.;01/09/2017
420;RW-M762;Wheels;ML Mountain Rear Wheel;Components;Black;;Replacement mountain wheel for the casual to serious rider.;01/04/2017
421;RW-M928;Wheels;HL Mountain Rear Wheel;Components;Black;;High-performance mountain replacement wheel.;01/01/2017
422;RW-R623;Wheels;LL Road Rear Wheel;Components;Black;;Replacement road rear wheel for entry-level cyclist.;01/02/2017
423;RW-R762;Wheels;ML Road Rear Wheel;Components;Black;;"Aluminum alloy rim with stainless steel spokes; built for speed.";01/03/2017
424;RW-R820;Wheels;HL Road Rear Wheel;Components;Black;;Strong rear wheel with double-walled rim.;01/04/2017
425;RW-T905;Wheels;Touring Rear Wheel;Components;Black;;Excellent aerodynamic rims guarantee a smooth ride.;01/05/2017
426;FR-M63B-40;Mountain Frames;ML Mountain Frame - Black, 40;Components;Black;38-40 CM;The ML frame is a heat-treated aluminum frame made with the same detail and quality as our HL frame. It offers superior performance. Women's version.;01/06/2017
427;FR-M63B-44;Mountain Frames;ML Mountain Frame - Black, 44;Components;Black;42-46 CM;The ML frame is a heat-treated aluminum frame made with the same detail and quality as our HL frame. It offers superior performance. Women's version.;01/07/2017
428;FR-M63B-48;Mountain Frames;ML Mountain Frame - Black, 48;Components;Black;48-52 CM;The ML frame is a heat-treated aluminum frame made with the same detail and quality as our HL frame. It offers superior performance. Women's version.;01/08/2017
429;FR-R72Y-40;Road Frames;ML Road Frame-W - Yellow, 40;Components;Yellow;38-40 CM;Made from the same aluminum alloy as our top-of-the line HL frame, the ML features a lightweight down-tube milled to the perfect diameter for optimal strength. Women's version.;01/09/2017
430;FR-R72Y-40;Road Frames;ML Road Frame-W - Yellow, 40;Components;Yellow;38-40 CM;Made from the same aluminum alloy as our top-of-the line HL frame, the ML features a lightweight down-tube milled to the perfect diameter for optimal strength. Women's version.;01/04/2018
431;FR-R72Y-42;Road Frames;ML Road Frame-W - Yellow, 42;Components;Yellow;42-46 CM;Made from the same aluminum alloy as our top-of-the line HL frame, the ML features a lightweight down-tube milled to the perfect diameter for optimal strength. Women's version.;01/01/2017
432;FR-R72Y-42;Road Frames;ML Road Frame-W - Yellow, 42;Components;Yellow;42-46 CM;Made from the same aluminum alloy as our top-of-the line HL frame, the ML features a lightweight down-tube milled to the perfect diameter for optimal strength. Women's version.;01/02/2018
433;FR-R72Y-44;Road Frames;ML Road Frame-W - Yellow, 44;Components;Yellow;42-46 CM;Made from the same aluminum alloy as our top-of-the line HL frame, the ML features a lightweight down-tube milled to the perfect diameter for optimal strength. Women's version.;01/03/2017
434;FR-R72Y-44;Road Frames;ML Road Frame-W - Yellow, 44;Components;Yellow;42-46 CM;Made from the same aluminum alloy as our top-of-the line HL frame, the ML features a lightweight down-tube milled to the perfect diameter for optimal strength. Women's version.;01/04/2018
435;FR-R72Y-48;Road Frames;ML Road Frame-W - Yellow, 48;Components;Yellow;48-52 CM;Made from the same aluminum alloy as our top-of-the line HL frame, the ML features a lightweight down-tube milled to the perfect diameter for optimal strength. Women's version.;01/05/2017
436;FR-R72Y-48;Road Frames;ML Road Frame-W - Yellow, 48;Components;Yellow;48-52 CM;Made from the same aluminum alloy as our top-of-the line HL frame, the ML features a lightweight down-tube milled to the perfect diameter for optimal strength. Women's version.;01/06/2018
437;FR-R92B-62;Road Frames;HL Road Frame - Black, 62;Components;Black;60-62 CM;"Our lightest and best quality aluminum frame made from the newest alloy; it is welded and heat-treated for strength. Our innovative design results in maximum comfort and performance.";01/07/2017
438;FR-R92B-62;Road Frames;HL Road Frame - Black, 62;Components;Black;60-62 CM;"Our lightest and best quality aluminum frame made from the newest alloy; it is welded and heat-treated for strength. Our innovative design results in maximum comfort and performance.";01/08/2018
439;FR-R92B-44;Road Frames;HL Road Frame - Black, 44;Components;Black;42-46 CM;"Our lightest and best quality aluminum frame made from the newest alloy; it is welded and heat-treated for strength. Our innovative design results in maximum comfort and performance.";01/09/2017
440;FR-R92B-44;Road Frames;HL Road Frame - Black, 44;Components;Black;42-46 CM;"Our lightest and best quality aluminum frame made from the newest alloy; it is welded and heat-treated for strength. Our innovative design results in maximum comfort and performance.";01/04/2018
441;FR-R92B-48;Road Frames;HL Road Frame - Black, 48;Components;Black;48-52 CM;"Our lightest and best quality aluminum frame made from the newest alloy; it is welded and heat-treated for strength. Our innovative design results in maximum comfort and performance.";01/01/2017
442;FR-R92B-48;Road Frames;HL Road Frame - Black, 48;Components;Black;48-52 CM;"Our lightest and best quality aluminum frame made from the newest alloy; it is welded and heat-treated for strength. Our innovative design results in maximum comfort and performance.";01/02/2018
443;FR-R92B-52;Road Frames;HL Road Frame - Black, 52;Components;Black;48-52 CM;"Our lightest and best quality aluminum frame made from the newest alloy; it is welded and heat-treated for strength. Our innovative design results in maximum comfort and performance.";01/03/2017
444;FR-R92B-52;Road Frames;HL Road Frame - Black, 52;Components;Black;48-52 CM;"Our lightest and best quality aluminum frame made from the newest alloy; it is welded and heat-treated for strength. Our innovative design results in maximum comfort and performance.";01/04/2018
445;SH-M897-S;Shorts;Men's Sports Shorts, S;Clothing;Black;S;Men's 8-panel racing shorts - lycra with an elastic waistband and leg grippers.;01/05/2017
446;PA-T100;Panniers;Touring-Panniers, Large;Accessories;Grey;;Durable, water-proof nylon construction with easy access. Large enough for weekend trips.;01/06/2017
447;LO-C100;Locks;Cable Lock;Accessories;;NA;Wraps to fit front and rear tires, carrier and 2 keys included.;01/07/2017
448;PU-0452;Pumps;Minipump;Accessories;;NA;Designed for convenience. Fits in your pocket. Aluminum barrel. 160psi rated.;01/08/2017
449;PU-M044;Pumps;Mountain Pump;Accessories;;NA;Simple and light-weight. Emergency patches stored in handle.;01/09/2017
450;LT-T990;Lights;Taillights - Battery-Powered;Accessories;;NA;Affordable light for safe night riding - uses 3 AAA batteries;01/04/2017
451;LT-H902;Lights;Headlights - Dual-Beam;Accessories;;NA;Rechargeable dual-beam headlight.;01/01/2017
452;LT-H903;Lights;Headlights - Weatherproof;Accessories;;NA;Rugged weatherproof headlight.;01/02/2017
453;SH-M897-M;Shorts;Men's Sports Shorts, M;Clothing;Black;M;Men's 8-panel racing shorts - lycra with an elastic waistband and leg grippers.;01/03/2017
454;SH-M897-L;Shorts;Men's Sports Shorts, L;Clothing;Black;L;Men's 8-panel racing shorts - lycra with an elastic waistband and leg grippers.;01/04/2017
455;SH-M897-X;Shorts;Men's Sports Shorts, XL;Clothing;Black;XL;Men's 8-panel racing shorts - lycra with an elastic waistband and leg grippers.;01/05/2017
456;TG-W091-S;Tights;Women's Tights, S;Clothing;Black;S;"Warm spandex tights for winter riding; seamless chamois construction eliminates pressure points.";01/06/2017
457;TG-W091-M;Tights;Women's Tights, M;Clothing;Black;M;"Warm spandex tights for winter riding; seamless chamois construction eliminates pressure points.";01/07/2017
458;TG-W091-L;Tights;Women's Tights, L;Clothing;Black;L;"Warm spandex tights for winter riding; seamless chamois construction eliminates pressure points.";01/08/2017
459;SB-M891-S;Bib-Shorts;Men's Bib-Shorts, S;Clothing;Multi;S;Designed for the AWC team with stay-put straps, moisture-control, chamois padding, and leg grippers.;01/09/2017
460;SB-M891-M;Bib-Shorts;Men's Bib-Shorts, M;Clothing;Multi;M;Designed for the AWC team with stay-put straps, moisture-control, chamois padding, and leg grippers.;01/04/2017
461;SB-M891-L;Bib-Shorts;Men's Bib-Shorts, L;Clothing;Multi;L;Designed for the AWC team with stay-put straps, moisture-control, chamois padding, and leg grippers.;01/01/2017
462;GL-H102-S;Gloves;Half-Finger Gloves, S;Clothing;Black;S;Full padding, improved finger flex, durable palm, adjustable closure.;01/02/2017
463;GL-H102-S;Gloves;Half-Finger Gloves, S;Clothing;Black;S;Full padding, improved finger flex, durable palm, adjustable closure.;01/03/2018
464;GL-H102-M;Gloves;Half-Finger Gloves, M;Clothing;Black;M;Full padding, improved finger flex, durable palm, adjustable closure.;01/04/2017
465;GL-H102-M;Gloves;Half-Finger Gloves, M;Clothing;Black;M;Full padding, improved finger flex, durable palm, adjustable closure.;01/05/2018
466;GL-H102-L;Gloves;Half-Finger Gloves, L;Clothing;Black;L;Full padding, improved finger flex, durable palm, adjustable closure.;01/06/2017
467;GL-H102-L;Gloves;Half-Finger Gloves, L;Clothing;Black;L;Full padding, improved finger flex, durable palm, adjustable closure.;01/07/2018
468;GL-F110-S;Gloves;Full-Finger Gloves, S;Clothing;Black;S;Synthetic palm, flexible knuckles, breathable mesh upper. Worn by the AWC team riders.;01/08/2017
469;GL-F110-M;Gloves;Full-Finger Gloves, M;Clothing;Black;M;Synthetic palm, flexible knuckles, breathable mesh upper. Worn by the AWC team riders.;01/09/2017
470;GL-F110-L;Gloves;Full-Finger Gloves, L;Clothing;Black;L;Synthetic palm, flexible knuckles, breathable mesh upper. Worn by the AWC team riders.;01/04/2017
471;VE-C304-S;Vests;Classic Vest, S;Clothing;Blue;S;Light-weight, wind-resistant, packs to fit into a pocket.;01/01/2018
472;VE-C304-M;Vests;Classic Vest, M;Clothing;Blue;M;Light-weight, wind-resistant, packs to fit into a pocket.;01/02/2018
473;VE-C304-L;Vests;Classic Vest, L;Clothing;Blue;L;Light-weight, wind-resistant, packs to fit into a pocket.;01/03/2018
474;SH-W890-S;Shorts;Women's Mountain Shorts, S;Clothing;Black;S;Heavy duty, abrasion-resistant shorts feature seamless, lycra inner shorts with anti-bacterial chamois for comfort.;01/04/2018
475;SH-W890-M;Shorts;Women's Mountain Shorts, M;Clothing;Black;M;Heavy duty, abrasion-resistant shorts feature seamless, lycra inner shorts with anti-bacterial chamois for comfort.;01/05/2018
476;SH-W890-L;Shorts;Women's Mountain Shorts, L;Clothing;Black;L;Heavy duty, abrasion-resistant shorts feature seamless, lycra inner shorts with anti-bacterial chamois for comfort.;01/06/2018
477;WB-H098;Bottles and Cages;Water Bottle - 30 oz.;Accessories;;NA;"AWC logo water bottle - holds 30 oz; leak-proof.";01/07/2018
478;BC-M005;Bottles and Cages;Mountain Bottle Cage;Accessories;;NA;Tough aluminum cage holds bottle securly on tough terrain.;01/08/2018
479;BC-R205;Bottles and Cages;Road Bottle Cage;Accessories;;NA;"Aluminum cage is lighter than our mountain version; perfect for long distance trips.";01/09/2018
480;PK-7098;Tires and Tubes;Patch Kit/8 Patches;Accessories;;NA;Includes 8 different size patches, glue and sandpaper.;01/04/2018
481;SO-R809-M;Socks;Racing Socks, M;Clothing;White;M;Thin, lightweight and durable with cuffs that stay up.;01/01/2018
482;SO-R809-L;Socks;Racing Socks, L;Clothing;White;L;Thin, lightweight and durable with cuffs that stay up.;01/02/2018
483;RA-H123;Bike Racks;Hitch Rack - 4-Bike;Accessories;;NA;"Carries 4 bikes securely; steel construction, fits 2"" receiver hitch.";01/03/2018
484;CL-9009;Cleaners;Bike Wash - Dissolver;Accessories;;NA;"Washes off the toughest road grime; dissolves grease, environmentally safe. 1-liter bottle.";01/04/2018
485;FE-6654;Fenders;Fender Set - Mountain;Accessories;;NA;Clip-on fenders fit most mountain bikes.;01/05/2018
486;ST-1401;Bike Stands;All-Purpose Bike Stand;Accessories;;NA;Perfect all-purpose bike stand for working on your bike at home. Quick-adjusting clamps and steel construction.;01/06/2018
487;HY-1023-70;Hydration Packs;Hydration Pack - 70 oz.;Accessories;Silver;70;Versatile 70 oz hydration pack offers extra storage, easy-fill access, and a waist belt.;01/07/2018
488;SJ-0194-S;Jerseys;Short-Sleeve Classic Jersey, S;Clothing;Yellow;S;Short sleeve classic breathable jersey with superior moisture control, front zipper, and 3 back pockets.;01/08/2018
489;SJ-0194-M;Jerseys;Short-Sleeve Classic Jersey, M;Clothing;Yellow;M;Short sleeve classic breathable jersey with superior moisture control, front zipper, and 3 back pockets.;01/09/2018
490;SJ-0194-L;Jerseys;Short-Sleeve Classic Jersey, L;Clothing;Yellow;L;Short sleeve classic breathable jersey with superior moisture control, front zipper, and 3 back pockets.;01/04/2018
491;SJ-0194-X;Jerseys;Short-Sleeve Classic Jersey, XL;Clothing;Yellow;XL;Short sleeve classic breathable jersey with superior moisture control, front zipper, and 3 back pockets.;01/01/2018
492;FR-T98Y-60;Touring Frames;HL Touring Frame - Yellow, 60;Components;Yellow;60-62 CM;"The HL aluminum frame is custom-shaped for both good looks and strength; it will withstand the most rigorous challenges of daily riding. Men's version.";01/02/2018
493;FR-T67Y-62;Touring Frames;LL Touring Frame - Yellow, 62;Components;Yellow;60-62 CM;Lightweight butted aluminum frame provides a more upright riding position for a trip around town.  Our ground-breaking design provides optimum comfort.;01/03/2018
494;FR-T98Y-46;Touring Frames;HL Touring Frame - Yellow, 46;Components;Yellow;42-46 CM;"The HL aluminum frame is custom-shaped for both good looks and strength; it will withstand the most rigorous challenges of daily riding. Men's version.";01/04/2018
495;FR-T98Y-50;Touring Frames;HL Touring Frame - Yellow, 50;Components;Yellow;48-52 CM;"The HL aluminum frame is custom-shaped for both good looks and strength; it will withstand the most rigorous challenges of daily riding. Men's version.";01/05/2018
496;FR-T98Y-54;Touring Frames;HL Touring Frame - Yellow, 54;Components;Yellow;54-58 CM;"The HL aluminum frame is custom-shaped for both good looks and strength; it will withstand the most rigorous challenges of daily riding. Men's version.";01/06/2018
497;FR-T98U-46;Touring Frames;HL Touring Frame - Blue, 46;Components;Blue;42-46 CM;"The HL aluminum frame is custom-shaped for both good looks and strength; it will withstand the most rigorous challenges of daily riding. Men's version.";01/07/2018
498;FR-T98U-50;Touring Frames;HL Touring Frame - Blue, 50;Components;Blue;48-52 CM;"The HL aluminum frame is custom-shaped for both good looks and strength; it will withstand the most rigorous challenges of daily riding. Men's version.";01/08/2018
499;FR-T98U-54;Touring Frames;HL Touring Frame - Blue, 54;Components;Blue;54-58 CM;"The HL aluminum frame is custom-shaped for both good looks and strength; it will withstand the most rigorous challenges of daily riding. Men's version.";01/09/2018
500;FR-T98U-60;Touring Frames;HL Touring Frame - Blue, 60;Components;Blue;60-62 CM;"The HL aluminum frame is custom-shaped for both good looks and strength; it will withstand the most rigorous challenges of daily riding. Men's version.";01/04/2018
501;RD-2308;Derailleurs;Rear Derailleur;Components;Silver;;Wide-link design.;01/01/2018
502;FR-T67U-50;Touring Frames;LL Touring Frame - Blue, 50;Components;Blue;48-52 CM;Lightweight butted aluminum frame provides a more upright riding position for a trip around town.  Our ground-breaking design provides optimum comfort.;01/02/2018
503;FR-T67U-54;Touring Frames;LL Touring Frame - Blue, 54;Components;Blue;54-58 CM;Lightweight butted aluminum frame provides a more upright riding position for a trip around town.  Our ground-breaking design provides optimum comfort.;01/03/2018
504;FR-T67U-58;Touring Frames;LL Touring Frame - Blue, 58;Components;Blue;54-58 CM;Lightweight butted aluminum frame provides a more upright riding position for a trip around town.  Our ground-breaking design provides optimum comfort.;01/04/2018
505;FR-T67U-62;Touring Frames;LL Touring Frame - Blue, 62;Components;Blue;60-62 CM;Lightweight butted aluminum frame provides a more upright riding position for a trip around town.  Our ground-breaking design provides optimum comfort.;01/05/2018
506;FR-T67Y-44;Touring Frames;LL Touring Frame - Yellow, 44;Components;Yellow;42-46 CM;Lightweight butted aluminum frame provides a more upright riding position for a trip around town.  Our ground-breaking design provides optimum comfort.;01/06/2018
507;FR-T67Y-50;Touring Frames;LL Touring Frame - Yellow, 50;Components;Yellow;48-52 CM;Lightweight butted aluminum frame provides a more upright riding position for a trip around town.  Our ground-breaking design provides optimum comfort.;01/07/2018
508;FR-T67Y-54;Touring Frames;LL Touring Frame - Yellow, 54;Components;Yellow;54-58 CM;Lightweight butted aluminum frame provides a more upright riding position for a trip around town.  Our ground-breaking design provides optimum comfort.;01/08/2018
509;FR-T67Y-58;Touring Frames;LL Touring Frame - Yellow, 58;Components;Yellow;54-58 CM;Lightweight butted aluminum frame provides a more upright riding position for a trip around town.  Our ground-breaking design provides optimum comfort.;01/09/2018
510;FR-T67U-44;Touring Frames;LL Touring Frame - Blue, 44;Components;Blue;42-46 CM;Lightweight butted aluminum frame provides a more upright riding position for a trip around town.  Our ground-breaking design provides optimum comfort.;01/04/2018
511;FR-M63S-40;Mountain Frames;ML Mountain Frame-W - Silver, 40;Components;Silver;38-40 CM;The ML frame is a heat-treated aluminum frame made with the same detail and quality as our HL frame. It offers superior performance. Men's version.;01/01/2018
512;FR-M63S-42;Mountain Frames;ML Mountain Frame-W - Silver, 42;Components;Silver;42-46 CM;The ML frame is a heat-treated aluminum frame made with the same detail and quality as our HL frame. It offers superior performance. Men's version.;01/02/2018
513;FR-M63S-46;Mountain Frames;ML Mountain Frame-W - Silver, 46;Components;Silver;42-46 CM;The ML frame is a heat-treated aluminum frame made with the same detail and quality as our HL frame. It offers superior performance. Men's version.;01/03/2018
514;RB-9231;Brakes;Rear Brakes;Components;Silver;;NULL;01/04/2018
515;SE-M236;Saddles;LL Mountain Seat/Saddle;Components;;NA;Synthetic leather. Features gel for increased comfort.;01/05/2018
516;SE-M798;Saddles;ML Mountain Seat/Saddle;Components;;NA;Designed to absorb shock.;01/06/2018
517;SE-M940;Saddles;HL Mountain Seat/Saddle;Components;;NA;Anatomic design for a full-day of riding in comfort. Durable leather.;01/07/2018
518;SE-R581;Saddles;LL Road Seat/Saddle;Components;;NA;Lightweight foam-padded saddle.;01/08/2018
519;SE-R908;Saddles;ML Road Seat/Saddle;Components;;NA;Rubber bumpers absorb bumps.;01/09/2018
520;SE-R995;Saddles;HL Road Seat/Saddle;Components;;NA;Lightweight kevlar racing saddle. Leather.;01/04/2018
521;SE-T312;Saddles;LL Touring Seat/Saddle;Components;;NA;Comfortable, ergonomically shaped gel saddle.;01/01/2018
522;SE-T762;Saddles;ML Touring Seat/Saddle;Components;;NA;New design relieves pressure for long rides.;01/02/2018
523;SE-T924;Saddles;HL Touring Seat/Saddle;Components;;NA;Cut-out shell for a more comfortable ride.;01/03/2018
524;FR-M21S-42;Mountain Frames;LL Mountain Frame - Silver, 42;Components;Silver;42-46 CM;Our best value utilizing the same, ground-breaking frame technology as the ML aluminum frame.;01/04/2018
525;FR-M21S-44;Mountain Frames;LL Mountain Frame - Silver, 44;Components;Silver;42-46 CM;Our best value utilizing the same, ground-breaking frame technology as the ML aluminum frame.;01/05/2018
526;FR-M21S-48;Mountain Frames;LL Mountain Frame - Silver, 48;Components;Silver;48-52 CM;Our best value utilizing the same, ground-breaking frame technology as the ML aluminum frame.;01/06/2018
527;FR-M21S-52;Mountain Frames;LL Mountain Frame - Silver, 52;Components;Silver;48-52 CM;Our best value utilizing the same, ground-breaking frame technology as the ML aluminum frame.;01/07/2018
528;TT-M928;Tires and Tubes;Mountain Tire Tube;Accessories;;NA;Self-sealing tube.;01/08/2018
529;TT-R982;Tires and Tubes;Road Tire Tube;Accessories;;NA;Conventional all-purpose tube.;01/09/2018
530;TT-T092;Tires and Tubes;Touring Tire Tube;Accessories;;NA;General purpose tube.;01/04/2018
531;FR-M21B-42;Mountain Frames;LL Mountain Frame - Black, 42;Components;Black;42-46 CM;Our best value utilizing the same, ground-breaking frame technology as the ML aluminum frame.;01/01/2018
532;FR-M21B-44;Mountain Frames;LL Mountain Frame - Black, 44;Components;Black;42-46 CM;Our best value utilizing the same, ground-breaking frame technology as the ML aluminum frame.;01/02/2018
533;FR-M21B-48;Mountain Frames;LL Mountain Frame - Black, 48;Components;Black;48-52 CM;Our best value utilizing the same, ground-breaking frame technology as the ML aluminum frame.;01/03/2018
534;FR-M21B-52;Mountain Frames;LL Mountain Frame - Black, 52;Components;Black;48-52 CM;Our best value utilizing the same, ground-breaking frame technology as the ML aluminum frame.;01/04/2018
535;TI-M267;Tires and Tubes;LL Mountain Tire;Accessories;;NA;Comparible traction, less expensive wire bead casing.;01/05/2018
536;TI-M602;Tires and Tubes;ML Mountain Tire;Accessories;;NA;Great traction, high-density rubber.;01/06/2018
537;TI-M823;Tires and Tubes;HL Mountain Tire;Accessories;;NA;Incredible traction, lightweight carbon reinforced.;01/07/2018
538;TI-R092;Tires and Tubes;LL Road Tire;Accessories;;NA;Same great treads as more expensive tire with a less expensive wire bead casing.;01/08/2018
539;TI-R628;Tires and Tubes;ML Road Tire;Accessories;;NA;Higher density rubber.;01/09/2018
540;TI-R982;Tires and Tubes;HL Road Tire;Accessories;;NA;Lightweight carbon reinforced  for an unrivaled ride at an un-compromised weight.;01/04/2018
541;TI-T723;Tires and Tubes;Touring Tire;Accessories;;NA;High-density rubber.;01/01/2018
542;PD-M282;Pedals;LL Mountain Pedal;Components;Silver/Black;;"Expanded platform so you can ride in any shoes; great for all-around riding.";01/02/2018
543;PD-M340;Pedals;ML Mountain Pedal;Components;Silver/Black;;Lightweight, durable, clipless pedal with adjustable tension.;01/03/2018
544;PD-M562;Pedals;HL Mountain Pedal;Components;Silver/Black;;"Stainless steel; designed to shed mud easily.";01/04/2018
545;PD-R347;Pedals;LL Road Pedal;Components;Silver/Black;;Clipless pedals - aluminum.;01/05/2018
546;PD-R563;Pedals;ML Road Pedal;Components;Silver/Black;;Lightweight aluminum alloy construction.;01/06/2018
547;PD-R853;Pedals;HL Road Pedal;Components;Silver/Black;;Top-of-the-line clipless pedals with adjustable tension.;01/07/2018
548;PD-T852;Pedals;Touring Pedal;Components;Silver/Black;;A stable pedal for all-day riding.;01/08/2018
549;FR-M63S-38;Mountain Frames;ML Mountain Frame-W - Silver, 38;Components;Silver;38-40 CM;The ML frame is a heat-treated aluminum frame made with the same detail and quality as our HL frame. It offers superior performance. Men's version.;01/09/2018
550;FR-M21B-40;Mountain Frames;LL Mountain Frame - Black, 40;Components;Black;38-40 CM;Our best value utilizing the same, ground-breaking frame technology as the ML aluminum frame.;01/04/2018
551;FR-M21S-40;Mountain Frames;LL Mountain Frame - Silver, 40;Components;Silver;38-40 CM;Our best value utilizing the same, ground-breaking frame technology as the ML aluminum frame.;01/01/2018
552;FD-2342;Derailleurs;Front Derailleur;Components;Silver;;Wide-link design.;01/02/2018
553;HB-T721;Handlebars;LL Touring Handlebars;Components;;NA;Unique shape reduces fatigue for entry level riders.;01/03/2018
554;HB-T928;Handlebars;HL Touring Handlebars;Components;;NA;A light yet stiff aluminum bar for long distance riding.;01/04/2018
555;FB-9873;Brakes;Front Brakes;Components;Silver;;"All-weather brake pads; provides superior stopping by applying more surface to the rim.";01/05/2018
556;CS-4759;Cranksets;LL Crankset;Components;Black;;Super rigid spindle.;01/06/2018
557;CS-6583;Cranksets;ML Crankset;Components;Black;;High-strength crank arm.;01/07/2018
558;CS-9183;Cranksets;HL Crankset;Components;Black;;"Triple crankset; alumunim crank arm; flawless shifting.";01/08/2018
559;CH-0234;Chains;Chain;Components;Silver;;Superior shifting performance.;01/09/2018
560;BK-T44U-60;Touring Bikes;Touring-2000 Blue, 60;Bikes;Blue;60-62 CM;The plush custom saddle keeps you riding all day,  and there's plenty of space to add panniers and bike bags to the newly-redesigned carrier.  This bike has stability when fully-loaded.;01/04/2018
561;BK-T79Y-46;Touring Bikes;Touring-1000 Yellow, 46;Bikes;Yellow;42-46 CM;Travel in style and comfort. Designed for maximum comfort and safety. Wide gear range takes on all hills. High-tech aluminum alloy construction provides durability without added weight.;01/01/2018
562;BK-T79Y-50;Touring Bikes;Touring-1000 Yellow, 50;Bikes;Yellow;48-52 CM;Travel in style and comfort. Designed for maximum comfort and safety. Wide gear range takes on all hills. High-tech aluminum alloy construction provides durability without added weight.;01/02/2018
563;BK-T79Y-54;Touring Bikes;Touring-1000 Yellow, 54;Bikes;Yellow;54-58 CM;Travel in style and comfort. Designed for maximum comfort and safety. Wide gear range takes on all hills. High-tech aluminum alloy construction provides durability without added weight.;01/03/2018
564;BK-T79Y-60;Touring Bikes;Touring-1000 Yellow, 60;Bikes;Yellow;60-62 CM;Travel in style and comfort. Designed for maximum comfort and safety. Wide gear range takes on all hills. High-tech aluminum alloy construction provides durability without added weight.;01/04/2018
565;BK-T18U-54;Touring Bikes;Touring-3000 Blue, 54;Bikes;Blue;54-58 CM;All-occasion value bike with our basic comfort and safety features. Offers wider, more stable tires for a ride around town or weekend trip.;01/05/2018
566;BK-T18U-58;Touring Bikes;Touring-3000 Blue, 58;Bikes;Blue;54-58 CM;All-occasion value bike with our basic comfort and safety features. Offers wider, more stable tires for a ride around town or weekend trip.;01/06/2018
567;BK-T18U-62;Touring Bikes;Touring-3000 Blue, 62;Bikes;Blue;60-62 CM;All-occasion value bike with our basic comfort and safety features. Offers wider, more stable tires for a ride around town or weekend trip.;01/07/2018
568;BK-T18Y-44;Touring Bikes;Touring-3000 Yellow, 44;Bikes;Yellow;42-46 CM;All-occasion value bike with our basic comfort and safety features. Offers wider, more stable tires for a ride around town or weekend trip.;01/08/2018
569;BK-T18Y-50;Touring Bikes;Touring-3000 Yellow, 50;Bikes;Yellow;48-52 CM;All-occasion value bike with our basic comfort and safety features. Offers wider, more stable tires for a ride around town or weekend trip.;01/09/2018
570;BK-T18Y-54;Touring Bikes;Touring-3000 Yellow, 54;Bikes;Yellow;54-58 CM;All-occasion value bike with our basic comfort and safety features. Offers wider, more stable tires for a ride around town or weekend trip.;01/04/2018
571;BK-T18Y-58;Touring Bikes;Touring-3000 Yellow, 58;Bikes;Yellow;54-58 CM;All-occasion value bike with our basic comfort and safety features. Offers wider, more stable tires for a ride around town or weekend trip.;01/01/2018
572;BK-T18Y-62;Touring Bikes;Touring-3000 Yellow, 62;Bikes;Yellow;60-62 CM;All-occasion value bike with our basic comfort and safety features. Offers wider, more stable tires for a ride around town or weekend trip.;01/02/2018
573;BK-T79U-46;Touring Bikes;Touring-1000 Blue, 46;Bikes;Blue;42-46 CM;Travel in style and comfort. Designed for maximum comfort and safety. Wide gear range takes on all hills. High-tech aluminum alloy construction provides durability without added weight.;01/03/2018
574;BK-T79U-50;Touring Bikes;Touring-1000 Blue, 50;Bikes;Blue;48-52 CM;Travel in style and comfort. Designed for maximum comfort and safety. Wide gear range takes on all hills. High-tech aluminum alloy construction provides durability without added weight.;01/04/2018
575;BK-T79U-54;Touring Bikes;Touring-1000 Blue, 54;Bikes;Blue;54-58 CM;Travel in style and comfort. Designed for maximum comfort and safety. Wide gear range takes on all hills. High-tech aluminum alloy construction provides durability without added weight.;01/05/2018
576;BK-T79U-60;Touring Bikes;Touring-1000 Blue, 60;Bikes;Blue;60-62 CM;Travel in style and comfort. Designed for maximum comfort and safety. Wide gear range takes on all hills. High-tech aluminum alloy construction provides durability without added weight.;01/06/2018
577;BK-T44U-46;Touring Bikes;Touring-2000 Blue, 46;Bikes;Blue;42-46 CM;The plush custom saddle keeps you riding all day,  and there's plenty of space to add panniers and bike bags to the newly-redesigned carrier.  This bike has stability when fully-loaded.;01/07/2018
578;BK-T44U-50;Touring Bikes;Touring-2000 Blue, 50;Bikes;Blue;48-52 CM;The plush custom saddle keeps you riding all day,  and there's plenty of space to add panniers and bike bags to the newly-redesigned carrier.  This bike has stability when fully-loaded.;01/08/2018
579;BK-T44U-54;Touring Bikes;Touring-2000 Blue, 54;Bikes;Blue;54-58 CM;The plush custom saddle keeps you riding all day,  and there's plenty of space to add panniers and bike bags to the newly-redesigned carrier.  This bike has stability when fully-loaded.;01/09/2018
580;BK-R79Y-40;Road Bikes;Road-350-W Yellow, 40;Bikes;Yellow;38-40 CM;Cross-train, race, or just socialize on a sleek, aerodynamic bike designed for a woman.  Advanced seat technology provides comfort all day.;01/04/2018
581;BK-R79Y-42;Road Bikes;Road-350-W Yellow, 42;Bikes;Yellow;42-46 CM;Cross-train, race, or just socialize on a sleek, aerodynamic bike designed for a woman.  Advanced seat technology provides comfort all day.;01/01/2018
582;BK-R79Y-44;Road Bikes;Road-350-W Yellow, 44;Bikes;Yellow;42-46 CM;Cross-train, race, or just socialize on a sleek, aerodynamic bike designed for a woman.  Advanced seat technology provides comfort all day.;01/02/2018
583;BK-R79Y-48;Road Bikes;Road-350-W Yellow, 48;Bikes;Yellow;48-52 CM;Cross-train, race, or just socialize on a sleek, aerodynamic bike designed for a woman.  Advanced seat technology provides comfort all day.;01/03/2018
584;BK-R19B-58;Road Bikes;Road-750 Black, 58;Bikes;Black;54-58 CM;"Entry level adult bike; offers a comfortable ride cross-country or down the block. Quick-release hubs and rims.";01/04/2018
585;BK-T18U-44;Touring Bikes;Touring-3000 Blue, 44;Bikes;Blue;42-46 CM;All-occasion value bike with our basic comfort and safety features. Offers wider, more stable tires for a ride around town or weekend trip.;01/05/2018
586;BK-T18U-50;Touring Bikes;Touring-3000 Blue, 50;Bikes;Blue;48-52 CM;All-occasion value bike with our basic comfort and safety features. Offers wider, more stable tires for a ride around town or weekend trip.;01/06/2018
587;BK-M38S-38;Mountain Bikes;Mountain-400-W Silver, 38;Bikes;Silver;38-40 CM;This bike delivers a high-level of performance on a budget. It is responsive and maneuverable, and offers peace-of-mind when you decide to go off-road.;01/07/2018
588;BK-M38S-40;Mountain Bikes;Mountain-400-W Silver, 40;Bikes;Silver;38-40 CM;This bike delivers a high-level of performance on a budget. It is responsive and maneuverable, and offers peace-of-mind when you decide to go off-road.;01/08/2018
589;BK-M38S-42;Mountain Bikes;Mountain-400-W Silver, 42;Bikes;Silver;42-46 CM;This bike delivers a high-level of performance on a budget. It is responsive and maneuverable, and offers peace-of-mind when you decide to go off-road.;01/09/2018
590;BK-M38S-46;Mountain Bikes;Mountain-400-W Silver, 46;Bikes;Silver;42-46 CM;This bike delivers a high-level of performance on a budget. It is responsive and maneuverable, and offers peace-of-mind when you decide to go off-road.;01/04/2018
591;BK-M18S-40;Mountain Bikes;Mountain-500 Silver, 40;Bikes;Silver;38-40 CM;Suitable for any type of riding, on or off-road. Fits any budget. Smooth-shifting with a comfortable ride.;01/01/2018
592;BK-M18S-42;Mountain Bikes;Mountain-500 Silver, 42;Bikes;Silver;42-46 CM;Suitable for any type of riding, on or off-road. Fits any budget. Smooth-shifting with a comfortable ride.;01/02/2018
593;BK-M18S-44;Mountain Bikes;Mountain-500 Silver, 44;Bikes;Silver;42-46 CM;Suitable for any type of riding, on or off-road. Fits any budget. Smooth-shifting with a comfortable ride.;01/03/2018
594;BK-M18S-48;Mountain Bikes;Mountain-500 Silver, 48;Bikes;Silver;48-52 CM;Suitable for any type of riding, on or off-road. Fits any budget. Smooth-shifting with a comfortable ride.;01/04/2018
595;BK-M18S-52;Mountain Bikes;Mountain-500 Silver, 52;Bikes;Silver;48-52 CM;Suitable for any type of riding, on or off-road. Fits any budget. Smooth-shifting with a comfortable ride.;01/05/2018
596;BK-M18B-40;Mountain Bikes;Mountain-500 Black, 40;Bikes;Black;38-40 CM;Suitable for any type of riding, on or off-road. Fits any budget. Smooth-shifting with a comfortable ride.;01/06/2018
597;BK-M18B-42;Mountain Bikes;Mountain-500 Black, 42;Bikes;Black;42-46 CM;Suitable for any type of riding, on or off-road. Fits any budget. Smooth-shifting with a comfortable ride.;01/07/2018
598;BK-M18B-44;Mountain Bikes;Mountain-500 Black, 44;Bikes;Black;42-46 CM;Suitable for any type of riding, on or off-road. Fits any budget. Smooth-shifting with a comfortable ride.;01/08/2018
599;BK-M18B-48;Mountain Bikes;Mountain-500 Black, 48;Bikes;Black;48-52 CM;Suitable for any type of riding, on or off-road. Fits any budget. Smooth-shifting with a comfortable ride.;01/09/2018
600;BK-M18B-52;Mountain Bikes;Mountain-500 Black, 52;Bikes;Black;48-52 CM;Suitable for any type of riding, on or off-road. Fits any budget. Smooth-shifting with a comfortable ride.;01/04/2018
601;BB-7421;Bottom Brackets;LL Bottom Bracket;Components;;NA;Chromoly steel.;01/01/2018
602;BB-8107;Bottom Brackets;ML Bottom Bracket;Components;;NA;"Aluminum alloy cups; large diameter spindle.";01/02/2018
603;BB-9108;Bottom Brackets;HL Bottom Bracket;Components;;NA;Aluminum alloy cups and a hollow axle.;01/03/2018
604;BK-R19B-44;Road Bikes;Road-750 Black, 44;Bikes;Black;42-46 CM;"Entry level adult bike; offers a comfortable ride cross-country or down the block. Quick-release hubs and rims.";01/04/2018
605;BK-R19B-48;Road Bikes;Road-750 Black, 48;Bikes;Black;48-52 CM;"Entry level adult bike; offers a comfortable ride cross-country or down the block. Quick-release hubs and rims.";01/05/2018
